promedmail	3801
fao	381
patch	248
indiatimes	172
shanghaidaily	111
foodsafetynews	101
therepublic	85
cbslocal	80
foodpoisoningbulletin	70
eurosurveillance	61
newsday	57
awoko	56
hindustantimes	56
7thspace	55
wlns	54
bbc	52
examiner	52
michiganradio	50
nbcnews	50
who	49
healthmap	46
tribune	45
nj	44
witf	44
yahoo	42
neontommy	42
allafrica	40
india	39
oie	38
wsaz	38
10tv	36
wbir	34
cbc	33
peopledaily	32
plenglish	31
oyetimes	30
msf	30
azcentral	30
thehorse	30
wboy	30
tennessean	29
go	29
thenews	28
stuff	28
eagletribune	27
pharmpro	27
ugpulse	27
wect	26
mlive	26
livingstondaily	25
wowktv	25
bannergraphic	24
foodbeat	24
bizjournals	24
businessweek	24
foodpoisonjournal	24
business-standard	23
sunstar	23
ctvnews	23
syracuse	23
foxnews	23
inquirer	23
wickedlocal	23
bhaskar	23
journalstandard	22
newschannel5	22
nbcdfw	22
jamestownsun	22
clintonherald	22
vietnamnews	22
infozine	21
pjstar	21
necn	21
cmaj	21
kcentv	21
washingtonpost	21
wilx	21
boisestatepublicradio	20
vaccinenewsdaily	20
indianexpress	20
suntimes	20
thepacker	20
wboc	20
unicef	19
cnn	19
gnom	19
thehindu	19
deccanchronicle	19
healthywildlife	19
chicagotribune	19
deccanherald	19
voanews	18
globaltimes	18
kfvs12	18
kttn	18
thestandard	18
boston	17
thehimalayantimes	17
clickorlando	17
themorningsun	17
nation	17
dailyfinance	17
reuters	17
whtimes	17
farms	17
knoe	17
newstalkzb	16
newser	16
thejakartapost	16
sys-con	16
ksdk	15
dailymail	15
wireupdate	15
wvgazette	15
sfgate	14
in	14
huffingtonpost	14
ng	14
newsplex	14
bostonglobe	14
fwi	14
windsorstar	14
wmbb	14
vendingmarketwatch	14
greenfieldreporter	14
nbc40	14
innisfilscope	14
vancouversun	13
news	13
fox59	13
topnews	13
newswise	13
digtriad	13
khozradio	13
wcvb	13
democracynow	13
northescambia	13
brevardtimes	13
dailypioneer	13
firstcoastnews	13
gmanetwork	13
myfoxny	13
deseretnews	12
go-jamaica	12
newvision	12
monitor	12
gulflive	12
saudigazette	12
foodconsumer	12
wggb	12
crescent-news	12
nbcwashington	12
centredaily	12
redorbit	12
google	12
stltoday	11
thetimesherald	11
wjtv	11
democratherald	11
wtva	11
dailyrecord	11
foodqualitynews	11
dispatch	11
unionleader	11
tvnz	11
dailyvoice	11
medicalxpress	11
wzzm13	11
kwwl	11
kwtx	10
kctv5	10
farminguk	10
wctrib	10
heraldonline	10
travelmole	10
wsls	10
guardian	10
foodproductiondaily	10
thenational	10
geo	10
cbsnews	10
nbcbayarea	10
freep	10
chinapost	10
abc	10
fox19	10
environmental-expert	10
bestsyndication	10
nasdaq	10
610cktb	10
irinnews	10
oem	10
wkyt	10
upnorthlive	10
qctimes	10
fayobserver	10
mariettatimes	10
kstp	9
dawn	9
wpsdlocal6	9
midhudsonnews	9
lbc	9
kcci	9
sudantribune	9
fox11online	9
brecorder	9
billingsgazette	9
theindychannel	9
hickoryrecord	9
timescolonist	9
kmjnow	9
marketwatch	9
woi-tv	9
timesunion	9
cjad	9
whptv	9
clarksvilleonline	9
focustaiwan	9
sabc	9
emirates247	9
michigan	9
state	9
poconorecord	9
iol	9
starafrica	8
marinij	8
theglobeandmail	8
nytimes	8
chinadaily	8
redditchstandard	8
allvoices	8
independent	8
bernama	8
yonhapnews	8
nbcsandiego	8
newstrackindia	8
health24	8
orlandosentinel	8
pnj	8
startribune	8
thepoultrysite	8
nnsl	8
torontosun	8
jagran	8
macaudailytimes	8
thenewsstar	8
radioiowa	8
tallahassee	8
itv	8
wcfcourier	8
twocircles	8
munciefreepress	8
stv	8
lancashiretelegraph	8
canberratimes	8
wpri	8
sj-r	8
winnipegfreepress	8
rttnews	8
kristv	8
e-pao	8
pia	8
nationalpost	7
worldpoultry	7
rbth	7
star-telegram	7
wbur	7
mysuburbanlife	7
ekantipur	7
milforddailynews	7
inforum	7
philstar	7
thefishsite	7
pattayadailynews	7
journal-news	7
umn	7
thisisnottingham	7
mercurynews	7
fosters	7
northjersey	7
tri-cityherald	7
journalnow	7
times-herald	7
ooskanews	7
witn	7
ap	7
ynn	7
newstalk1010	7
nzherald	7
ghanaweb	7
theadvocate	7
kens5	7
katc	7
villagesoup	7
pakistantoday	7
news-journal	7
marionstar	6
citizen-times	6
thanhniennews	6
wane	6
arkansasonline	6
starfl	6
alicetx	6
whiterivernews	6
thisisstaffordshire	6
kktv	6
scotsman	6
abc27	6
aht	6
kolotv	6
ghananewsagency	6
wsoctv	6
pennlive	6
staceypageonline	6
660news	6
siouxcityjournal	6
latimes	6
thechronicleherald	6
wtvr	6
connectmidmissouri	6
marshfieldnewsherald	6
firstpost	6
prweb	6
thisiscornwall	6
denverpost	6
capitalfm	6
myfox8	6
lansingstatejournal	6
moa	6
dairyherd	6
stratford-herald	6
lakeconews	6
ldnews	6
enewspf	6
thefountainpen	6
wdio	6
timesrecordnews	6
wspa	6
usda	6
wlfi	6
chch	6
wafb	6
baltimoresun	6
5newsonline	6
cdc	6
poststar	6
heraldsun	6
wcax	6
keyc	6
ktvu	6
thenewsherald	6
costaricantimes	6
caller	6
chroniclenewspaper	6
lep	6
wibw	6
theyeshivaworld	6
kiiitv	6
agra-net	6
ngrguardiannews	6
thesunchronicle	6
annarbor	6
thestate	6
webwire	6
walb	6
ca	6
wxow	6
gazettenet	6
cleveland	6
monroenews	6
wishtv	6
northlandsnewscenter	6
newstrib	5
montgomeryadvertiser	5
seattletimes	5
sunherald	5
kstc45	5
riverfronttimes	5
9wsyr	5
bignewsnetwork	5
jsonline	5
voxy	5
770kob	5
hazard-herald	5
bulletnewsniagara	5
mainlinemedianews	5
winknews	5
sun-sentinel	5
nursinginpractice	5
wcnc	5
sacbee	5
dailytimes	5
nhregister	5
metronews	5
republicanherald	5
centralillinoisproud	5
dailytribune	5
ktxs	5
browncountyindiana	5
ft	5
kionrightnow	5
kelownadailycourier	5
nbcnewyork	5
rapidcityjournal	5
theyucatantimes	5
4-traders	5
gazettetimes	5
cri	5
nola	5
johnogroat-journal	5
wivb	5
delconewsnetwork	5
ksla	5
erietvnews	5
pottsmerc	5
limaohio	5
dallasnews	5
france24	5
medcitynews	5
dnaindia	5
eastcountymagazine	5
augusta	5
thespec	5
portalangop	5
nbc4i	5
pe	5
havasunews	5
the-star	5
courierpostonline	4
observer-reporter	4
wtrf	4
desmoinesregister	4
err	4
cavalierdaily	4
counton2	4
phuketwan	4
kvia	4
mercopress	4
cfnews13	4
farmersguardian	4
therecord	4
yorkshireeveningpost	4
hometownstation	4
columbian	4
thisisleicestershire	4
prnewswire	4
dailyamerican	4
norwichbulletin	4
nunatsiaqonline	4
bloomberg	4
woodtv	4
insurancejournal	4
bnd	4
asianage	4
indiaeducationdiary	4
theaustralian	4
crawleyobserver	4
bellinghamherald	4
irishtimes	4
kspr	4
reviewonline	4
ky3	4
wmctv	4
irishexaminer	4
outlookindia	4
ravallirepublic	4
kvue	4
local15tv	4
ibtimes	4
centralasiaonline	4
thestar	4
kltv	4
lohud	4
570news	4
thedailyjournal	4
wesh	4
bigpondnews	4
thisishampshire	4
whbf	4
dayandnightnews	4
djournal	4
kpax	4
shorenewstoday	4
nashuatelegraph	4
kbtx	4
pbs	4
kachinnews	4
intoday	4
wdin	4
phillyburbs	4
1011now	4
sundaygazettemail	4
dominicantoday	4
castanet	4
arkansasmatters	4
frenchtribune	4
thecitizen	4
fcmbl	4
readingeagle	4
calgaryherald	4
fox5vegas	4
ninemsn	4
ctbulletin	4
brisbanetimes	4
nwitimes	4
agi	4
wkrg	4
detroitnews	4
aginfo	4
wavy	4
14news	4
twincities	4
lacrossetribune	4
ekstrabladet	4
rappler	4
turnto10	4
sabahionline	4
yourhoustonnews	4
montrealgazette	4
news-medical	4
masslive	4
spiegel	4
brantfordexpositor	4
mihomepaper	4
ksn	4
hetq	4
bradenton	4
timesnews	4
aachener-zeitung	4
argentinaindependent	4
king5	4
post-gazette	4
standardmedia	4
wtop	4
mitchellrepublic	4
kaj18	4
iwpr	3
eturbonews	3
upi	3
whiotv	3
thefrontierpost	3
hmbreview	3
kgw	3
mo	3
wdrb	3
afriquinfos	3
bangordailynews	3
wina	3
northbaybusinessjournal	3
southbendtribune	3
charltoncountyherald	3
kff	3
lincolncourier	3
currentargus	3
worldcrunch	3
tristatehomepage	3
thecherokeean	3
wataugademocrat	3
mysanantonio	3
wpln	3
newcastlestar	3
ashlandwi	3
pakobserver	3
channelnewsasia	3
liverpoolecho	3
thedailyreporter	3
chattanoogan	3
registerguard	3
observertoday	3
wltx	3
texasgopvote	3
expatica	3
thewestmorlandgazette	3
doorcountyadvocate	3
israelhayom	3
wral	3
usrecallnews	3
abcnews4	3
bestofneworleans	3
dailystar	3
ourmidland	3
wgmd	3
htrnews	3
reporter-times	3
thesundaily	3
theborneopost	3
newsroomamerica	3
fox47news	3
nwmissourinews	3
pressherald	3
colombopage	3
timeslive	3
wisconsinrapidstribune	3
alaskadispatch	3
thetranscript	3
dailyecho	3
dailydemocrat	3
wvec	3
petoskeynews	3
fox8live	3
dailyfreeman	3
tampabay	3
miamiherald	3
fowlertribune	3
jconline	3
argusleader	3
delawareonline	3
norwalkplus	3
pantagraph	3
thecourier	3
jdnews	3
japantimes	3
insidebayarea	3
wbaa	3
midlandfreepress	3
contracostatimes	3
myfoxdetroit	3
lubbockonline	3
parkerliveonline	3
journalstar	3
lemarssentinel	3
marinscope	3
sanluisobispo	3
nbc-2	3
todaystmj4	3
kotanow	3
usnews	3
asiaone	3
newsmaxhealth	3
tcpalm	3
myfoxatlanta	3
theday	3
muskogeephoenix	3
lakenewsonline	3
mykawartha	3
dailybreeze	3
hamptonroads	3
southwalesargus	3
fredericknewspost	3
messenger-index	3
wtov9	3
thebraziltimes	3
kptv	3
scmp	3
heritage	3
kuhf	3
patriotledger	3
delmarvanow	3
statesman	3
radionz	3
abc2news	3
myrecordjournal	3
katv	3
accvonline	3
nzdoctor	3
fox13now	3
indianasnewscenter	3
modbee	3
knightnews	3
douglascountyherald	3
seacoastonline	3
tmnews	3
ruvr	3
stockjournal	3
abc-7	3
wigantoday	3
cnweekly	3
alarabiya	3
wktv	3
morningjournal	3
theargus	3
whlt	3
wmfd	3
kaaltv	3
nyulocal	3
bostonherald	3
ozarksfirst	3
northcentralpa	3
globalnews	3
daytondailynews	3
northernadvocate	3
samaylive	3
13abc	3
knoxnews	3
theledger	3
publicradio	3
wnem	3
mynews4	3
coventrytelegraph	3
floridatoday	3
wday	3
wtnh	3
suwanneedemocrat	3
wgntv	3
fox10tv	3
confectionerynews	2
poughkeepsiejournal	2
ksallink	2
wbng	2
alaskapublic	2
forumcomm	2
thecommunityvoice	2
theprovince	2
abilene-rc	2
ksfy	2
wkyufm	2
telegraph	2
kcbd	2
willitsnews	2
maltatoday	2
koamtv	2
whig	2
ajc	2
joplinglobe	2
wkyc	2
ktbs	2
observer	2
londonderrynh	2
wrta	2
rotoruadailypost	2
mndaily	2
weau	2
bayofplentytimes	2
gloucestertimes	2
livescience	2
wbtv	2
trust	2
12106	2
foxcharlotte	2
kcrg	2
chieftain	2
rochesterhomepage	2
fijitimes	2
wtaq	2
sundaytimes	2
kyforward	2
sportsmole	2
wxyz	2
infectioncontroltoday	2
idahostatesman	2
tribune242	2
savannahnow	2
theadvertiser	2
thesudburystar	2
pal-item	2
dailyherald	2
carmitimes	2
6756	2
cjme	2
centralkynews	2
outpatientsurgery	2
ksby	2
wtvy	2
bremertonpatriot	2
fox43	2
fox40	2
thisistamworth	2
mysinchew	2
abc3340	2
idahostatejournal	2
actionnewsjax	2
yourdailyglobe	2
abs-cbnnews	2
charlotteobserver	2
thewesterlysun	2
newsmagazinenetwork	2
wkbw	2
msnewsnow	2
11800	2
krsl	2
8185	2
tuoitrenews	2
woai	2
ochealthinfo	2
warwickcourier	2
daily-mail	2
thisissomerset	2
kesq	2
midcitiesonline	2
edhat	2
dailynews	2
starcourier	2
mystateline	2
metrowestdailynews	2
foxcarolina	2
lasvegassun	2
kmov	2
mindanews	2
ketknbc	2
producenews	2
aidsmap	2
theguardian	2
care2	2
lajollalight	2
israelnationalnews	2
washingtonexaminer	2
sfluxe	2
leta	2
enterprise-journal	2
richmondregister	2
westofthei	2
mydailyregister	2
kdal610	2
fox4kc	2
wcpo	2
globegazette	2
wiscnews	2
ukzambians	2
wcbi	2
al	2
punjabnewsline	2
theleafchronicle	2
vcstar	2
thevwindependent	2
mpbn	2
dailyranger	2
torringtontelegram	2
daily49er	2
yumapioneer	2
greaterkashmir	2
nptelegraph	2
presstelegram	2
wave3	2
vindy	2
redditchadvertiser	2
kare11	2
emissourian	2
wsfa	2
goerie	2
eastoncourier	2
pressrepublican	2
reason	2
nbcphiladelphia	2
columbustelegram	2
scoopsandiego	2
ktiv	2
fenceviewer	2
nbc15	2
omaha	2
barfblog	2
perishablenews	2
coloradoan	2
rte	2
moneycontrol	2
oleantimesherald	2
hattiesburgamerican	2
recordonline	2
northernstar	2
thenationonlineng	2
hjnews	2
chilliwacktimes	2
midlandsconnect	2
ktvb	2
jacksonville	2
uppermichiganssource	2
irontontribune	2
shreveporttimes	2
newstimeafrica	2
dailycomet	2
thetowntalk	2
madisoncourier	2
whereilive	2
fox28	2
dailyprogress	2
todaysthv	2
heraldscotland	2
pardaphash	2
jacksonfreepress	2
ndtv	2
vtdigger	2
tribstar	2
pressdemocrat	2
orissadiary	2
staradvertiser	2
philly	2
providencejournal	2
kait8	2
kwqc	2
abc4	2
abc6	2
npr	2
koaa	2
ottawacitizen	2
mankatofreepress	2
motherjones	2
valleycentral	2
arabianbusiness	2
pharmacynews	2
thisishullandeastriding	2
tempo	2
times	2
utsandiego	2
toledoblade	2
timesofmalta	2
solopos	2
komonews	2
ticotimes	2
sunshinecoastdaily	2
khastv	2
wjhg	2
whas11	2
cairns	2
kmvt	2
heraldandnews	2
wgrz	2
clarionledger	2
sunnewsnetwork	2
kvoa	2
salemnews	2
bangaloremirror	2
brownsvilleherald	2
fox8	2
thelcn	2
wrex	2
thefloridacurrent	2
reformer	2
citizen	2
courierpress	2
batesvilleheraldtribune	2
adirondackdailyenterprise	2
about	2
wthitv	2
healthaim	2
clickondetroit	2
xinhuanet	2
redhillandreigatelife	2
theolivepress	2
wdam	2
thecalifornian	2
picayuneitem	2
marketwire	1
thehill	1
dailyjournal	1
post-journal	1
7517	1
carolinalive	1
thehindubusinessline	1
buryfreepress	1
spokesman	1
garnernews	1
myfox47	1
goldengatexpress	1
wrdw	1
wjactv	1
henryherald	1
cbsatlanta	1
thetown-crier	1
drf	1
paxtonrecord	1
kmbz	1
stlamerican	1
sunlive	1
theosakisreview	1
hawkesbaytoday	1
”…‰dˆ˜Ba°J[”Ö,2èZÃª aÃ`BøÜè>ñ³	1
mb	1
usforacle	1
kmph	1
dunstabletoday	1
fatcatwebproductions	1
hvpress	1
irishhealth	1
minicassiavoice	1
nelsonstar	1
wbiw	1
victoriaadvocate	1
ÙßÌòÎæ9IãVtíA¿IÇË™¯æv×eÕ-¥d–Tq>º÷”øĞkÂŒÿf3OdrºX¨…iåy2æWçEyü¡nå™"Qˆ"&c<ŠÃ~	1
¨üÄÌE%3×ˆÆäùål*bCÈÊ<=¬®øğ1ı¶WˆpÜ%(	1
browndailyherald	1
harborlightnews	1
wsiu	1
northcoastnow	1
redding	1
ens-newswire	1
5$©1TYŞ17“¹ı­[Ï	1
myeasternshoremd	1
ukiahdailyjournal	1
smh	1
twoharborsmn	1
szcpost	1
gbcghana	1
thedenverchannel	1
thegazette	1
record-bee	1
ksee24	1
keprtv	1
pctonline	1
emcottawaeast	1
9629	1
hispanicbusiness	1
helpingyoucare	1
ıÚ·ñ¿ë¦Ê€+b—`ÉP‡µÍ„Eq%Ôá­´ä–M€3NQ	1
calcoastnews	1
thenelsondaily	1
antrimreview	1
peterboroughtoday	1
µş²çø59×8rbüc&"ğf¾%Oíğªë	iW¿é¾¥;LGù¯Â•Õ)şS[Á$ØÔ‰&Ã6Í£‰ ¥%º˜ØãIæëz“Ì¾	1
mywesttexas	1
palmbeachpost	1
thelocal	1
agriview	1
dailyregister	1
globalsaskatoon	1
golocalprov	1
zambianwatchdog	1
kake	1
mmtimes	1
myfoxtwincities	1
nordjyske	1
dr	1
staffordshirenewsletter	1
oregonlive	1
getsurrey	1
ahherald	1
²L Ùc*\Ş&<‚×–Ä ÏÈÇo5 |7 	1
basingstokegazette	1
journal-advocate	1
herald-dispatch	1
bainbridgereview	1
kxly	1
lufkindailynews	1
news-leader	1
theindependent	1
†B®x[õÄç$øæ~2š;å<^¨Şu	1
maravipost	1
myfoxboston	1
jamaica-gleaner	1
kentucky	1
ö²Zí˜êñ©¹”Ù&Qa—4\TPç	1
theobserver	1
leadertelegram	1
gulftoday	1
thesundayleader	1
burlingtonfreepress	1
maxpreps	1
wltz	1
lsjournal	1
baristanet	1
register-herald	1
amarillo	1
opb	1
11107	1
jarrowandhebburngazette	1
wwl	1
heraldextra	1
dailybulletin	1
cambstimes	1
lebanondailyrecord	1
hsj	1
krqe	1
¬FM[Ãµ§ëë­Ã]4V	1
gponline	1
duke	1
outdoorlife	1
vvdailypress	1
cbs3springfield	1
egpnews	1
mcphersonsentinel	1
jacksonvilleprogress	1
azgfd	1
trib	1
educationreview	1
delhinewsrecord	1
myfwc	1
oceanaheraldjournal	1
manchestereveningnews	1
ecns	1
news-journalonline	1
wfin	1
vivaloudoun	1
wdel	1
3aw	1
krcrtv	1
eatdrinkexplore	1
gulfislandsdriftwood	1
golocalworcester	1
kboi2	1
pmnewsnigeria	1
nbc11news	1
fox23news	1
dß	1
taftmidwaydriller	1
assamtimes	1
ktnv	1
galesburg	1
jaapa	1
kztv10	1
standardbredcanada	1
kivitv	1
indystar	1
ksl	1
mcrecord	1
areawidenews	1
`×Ó	1
kvewtv	1
sanramonexpress	1
aol	1
goldcoast	1
samesame	1
wjfw	1
wvpubcast	1
wilsoncountynews	1
theweeklyrevieweastern	1
wtvm	1
wdbj7	1
wtvq	1
themercury	1
missoulian	1
9168	1
9166	1
9163	1
onlymyhealth	1
columbiamissourian	1
newsadvance	1
9708	1
whdh	1
thecoastalsource	1
nyasatimes	1
swiftcountymonitor	1
thisisplymouth	1
enterprisenews	1
thetimesnews	1
runcornandwidnesweeklynews	1
foxyoungstown	1
londoncommunitynews	1
thecorknews	1
macon	1
wabi	1
JÂ<İNòo®\–	1
buenosairesherald	1
nebraskaradionetwork	1
practicebusiness	1
rnzi	1
kxan	1
afriquejet	1
dailyastorian	1
scnow	1
dailytelegraph	1
trivalleycentral	1
gattonstar	1
thisweeknews	1
santamariatimes	1
heraldtimesonline	1
colusa-sun-herald	1
sfexaminer	1
gaynz	1
southendstandard	1
â2bÌÚÇ‰÷ı>Ş½ €˜˜f»Òi° å	øâ” ® Ş	1
newarkadvocate	1
nbcmontana	1
newsherald	1
wnyt	1
vision	1
abc57	1
13wham	1
arabtimesonline	1
aljazeera	1
westernfrontonline	1
stimme	1
lsureveille	1
myfoxphilly	1
dailyitem	1
wwaytv3	1
thesttammanynews	1
njtoday	1
wwltv	1
13wmaz	1
ktla	1
canoe	1
zamboangatoday	1
ÌEJ¯ÚÌÅÒYÍ!²²•~^}U*èêŒ”ì‹,)åc‘	1
dchieftain	1
àŠë-A”r_+ï¹í¨zú ÓqO]Â†bÏlâ½!ZI¹ eğ_M×_jRw÷'äÖ­ˆ«¡U-{YŒT7|Q´û|ñJüÚ˜Øß³ÓšÅíÆF,ÎˆhÑF¥©­}	1
atmorenews	1
maplevalleyreporter	1
nashobapublishing	1
blackburnnews	1
frasercoastchronicle	1
gosanangelo	1
bayshorebroadcasting	1
thesouthern	1
midwestproducer	1
dailytrib	1
sunjournal	1
localnews8	1
wrbl	1
whtc	1
thetelegram	1
heartlandconnection	1
minnpost	1
indeonline	1
duluthnewstribune	1
keepmecurrent	1
wdtv	1
appeal-democrat	1
og	1
”mšŒÇC1¢`Ù»C	1
bayoubuzz	1
newscentralga	1
nyacknewsandviews	1
globalpost	1
benningtonbanner	1
p…{·äÎ   7¡ƒ2ÜÊT[×ÄĞµ†^¬°*Çş¶r±Z‘&	1
hotnhitnews	1
southcoasttoday	1
1340wgau	1
lagonian	1
parkrecord	1
gulfnews	1
thetelegraph	1
pZ$DåGvL1J[è£=ö¢Œjbğ·Æ1§Æ[ûª_*§ûH†SÎüTDqƒé	1
cbn	1
fayetteadvocate	1
typepad	1
picayune-times	1
heraldnews	1
630wpro	1
union-bulletin	1
niagarathisweek	1
westsideconnect	1
wifr	1
                                                                                                                                                                                                                                                                                                                                                                                                                                                                                                                                                                                                                                                                                                                                                                                                                                                                                                                                                                                                                                                                                                                                                                                                                                                                                                                                                                                                                                                                                                                                                                                                                        R{êpØ¬|¹Eò¯jAµ lÉPLEÄ-\}~Uï‡§ËkGR	)ÏcLA)=<UK•Ä§«ØÊğÂÉGÌo†	1
whsv	1
newsandtribune	1
sierraexpressmedia	1
kval	1
recordnet	1
ghana	1
fenlandcitizen	1
eastoregonian	1
healthleadersmedia	1
wsj	1
legalexaminer	1
æn»ô€	V]ãœŠ2QŠ-dFÌRJc]‰ğ	nxÒtÉqí°9î„æÂÈP¡jÖg2E¡3u)º	1
timesjournalonline	1
sfappeal	1
bristol247	1
roanoke	1
fox16	1
moultrieobserver	1
troyrecord	1
kwch	1
travelerstoday	1
wfmj	1
press-citizen	1
kamloopsthisweek	1
florala	1
radioaustralia	1
newstalkradiowhio	1
information	1
knoxweekly	1
baylorlariat	1
a£®H	1
mysouthwestga	1
starnewsonline	1
times-standard	1
theprogress	1
¤èÕêMİØ–qĞˆÍ ·İ{®†ô;ŞbŠøNãfsz”Õ(Âbú"-xvüHa‹èMÕ3šuµn•Å­ê6^Û(	1
sltrib	1
breakingnews	1
nwherald	1
easthamptonstar	1
aafp	1
çÂº 	1
swbooster	1
wetmtv	1
northumberlandnews	1
geelongadvertiser	1
680news	1
columbiabasinherald	1
piercecountyherald	1
wyandottedailynews	1
superiortelegram	1
thisissouthwales	1
kuna	1
rdmag	1
wflx	1
thecherrycreeknews	1
watoday	1
kuenselonline	1
gpb	1
oheraldo	1
fultonsun	1
presstv	1
bioscholar	1
rantoulpress	1
mycentraljersey	1
osceolaiowa	1
brainerddispatch	1
waff	1
scpr	1
©‚«©5TMˆ € 9è	Ûo-Õ{²Pz)^øG9…”ÕÁŸç˜h¿Î'eR÷Q	1
gantdaily	1
dailyindependent	1
kxoradio	1
nbc12	1
swcbulletin	1
woodlandsonline	1
nevadaappeal	1
wmtw	1
newsshopper	1
greenbaypressgazette	1
longislandpress	1
battlecreekenquirer	1
energeticcity	1
wavuti	1
9821	1
sheridanmedia	1
iiˆ)¬“¾J‹}-$ S|T*ö}3*{bím+¥‚Ã>—n››H‰ûf¢>½²ûÕ ¢øÃˆ`215 PY¢«¶ğØPCşó­äöË	1
daggerpress	1
jcfloridan	1
newstimes	1
hsvvoice	1
ktuu	1
local2	1
cbs12	1
theforeigner	1
hqgrandeprairie	1
manicapost	1
registercitizen	1
cedarspringspost	1
crookstontimes	1
newrytimes	1
noco5	1
theintelligencer	1
millburysutton	1
therandolphleader	1
wuwm	1
northamptonchron	1
heraldnet	1
planetprinceton	1
telegram	1
shape	1
hillsdalecollegian	1
scntx	1
straitstimes	1
wsvn	1
pressbanner	1
newschannel34	1
mpbonline	1
jamestownpress	1
capitalgazette	1
news-herald	1
malverngazette	1
½	1
columbiatribune	1
wgem	1
emporiagazette	1
bexleytimes	1
am1150	1
cbs8	1
nsw	1
pinknews	1
kansascity	1
brewtonstandard	1
8ò*®É™¤¬¼fˆİ±ChUüêAÙp	1
lusakatimes	1
nationalhogfarmer	1
leaderpost	1
dcourier	1
hernandotoday	1
bsudailynews	1
gainesville	1
lehighvalleylive	1
10071	1
myhealthnewsdaily	1
kansas	1
reporternews	1
vietnamnet	1
thealpenanews	1
gazebonews	1
Î6`T	Ã G	1
10298	1
katu	1
wellandtribune	1
gsnmagazine	1
salemleader	1
harrisondaily	1
csbj	1
abqjournal	1
wset	1
khsltv	1
odt	1
newsandsentinel	1
foodworldnews	1
dailypost	1
hudsonhubtimes	1
theboltonnews	1
newrichmond-news	1
{ú¢×Yr7˜ v¢‹xÀOR{û–ºÄñRWœJ,'èÃ™¿ƒY	1
wpxi	1
[¨ô>Š±„˜ûN`Ãƒ9¤âyÇ2Ôò†Ûš¨ƒ™Ó“3şÆ%œe­y»"Î¼‹8µ5ë¾Ïs§0S\iÿ	1
wsws	1
tristate-media	1
timesfreepress	1
ıŞ6Òtfá<y5‹—0m•‹iešÈ7«B§\b2½NİNU„îÈ"ªm—£Æú„¿ $Éå‡ˆéHíĞyJßŒµuÆ ò+	1
app	1
usf	1
bdtonline	1
kxii	1
iwradio	1
westfieldrepublican	1
Ô 	1
newswales	1
q13fox	1
demerarawaves	1
dailypress	1
reporternewspapers	1
bismarcktribune	1
afr	1
express	1
sahilonline	1
wsiltv	1
producer	1
kpho	1
wnct	1
8newsnow	1
kjonline	1
peacefmonline	1
globo	1
bangkokpost	1
Ëò‚&ÀN£ßZ÷	1
saratogian	1
8807	1
nhpr	1
elpasotimes	1
jeffersonpost	1
enewscourier	1
beaumontenterprise	1
fortmcmurraytoday	1
durhamregion	1
ledburyreporter	1
ctpost	1
paherald	1
azfamily	1
kentonline	1
weku	1
wsjm	1
3Â­A­NY¤	gšÛ›S)îi3)	1
royalcaribbeanblog	1
6Ô¼A`LÁ§Oš—R¸‡	1
cnycentral	1
globaltvbc	1
citifmonline	1
manilastandardtoday	1
onlinesentinel	1
kjrh	1
thisissurreytoday	1
rthk	1
postbulletin	1
sagharboronline	1
latinospost	1
indiatvnews	1
mississauga	1
gather	1
brandonsun	1
kitv	1
tbo	1
jacksonheraldtoday	1
theoaklandpress	1
miningjournal	1
shetnews	1
wkzo	1
8810	1
stignacenews	1
daily-journal	1
nzcity	1
heraldseries	1
perryvillenews	1
newsleader	1
irishcentral	1
myfoxhouston	1
standartnews	1
wsau	1
wsav	1
cumberlink	1
brownwoodtx	1
baxterbulletin	1
belfasttelegraph	1
wtok	1
ŞCP®u«ñî$ÂßŒEXa—–Š	1
itemlive	1
wtsp	1
kenoshanews	1
kqed	1
punchng	1
nwaonline	1
inews880	1
twitter	1
indiancountrytodaymedianetwork	1
wnep	1
kgoskerm	1
lowellsun	1
namibian	1
dailyorange	1
state-journal	1
onmedica	1
meadvilletribune	1
mysuncoast	1
dailytarheel	1
vernonmorningstar	1
wdaz	1
stalbertgazette	1
*c¤´JXÂ¾ÊA³F!‡9&[©	1
ckom	1
thechronicle	1
wusa9	1
kxxv	1
islandpacket	1
madhunt	1
ljworld	1
ktre	1
news9	1
tricities	1
